,job_id,date_posted,company_name,job_title,job_type,description_summary,experience,minimum_qualification,qualification,location,country,source_link,apply_link
0,R242907,2024-05-31,Dell International Services India Pvt Ltd (7451),Software Senior Principal Engineer,FULL_TIME,Senior Principal Software Engineer The Software Engineering team delivers next-generation software application enhancements and new products for a changing world.,14+ years of UEFI development experience or 14+ years C programming expertise for Embedded systems / micro controllers,Bachelor’s or master’s degree in computer science or related field,Strong problem-solving and analytical skills Agility to adapt to technologies and processes quickly Strong programming and debugging experience in C,"Bangalore, India",India,https://dell.wd1.myworkdayjobs.com/en-US/External/job/Bangalore-India/Software-Senior-Principal-Engineer_R242907,https://dell.wd1.myworkdayjobs.com/en-US/External/job/Bangalore-India/Software-Senior-Principal-Engineer_R242907
1,R244442,2024-06-01,Dell International Services India Pvt Ltd (7451),"Consultant-Cyber Recovery, Data Domain",FULL_TIME,"Consultant Today, every organization needs to be digital, powered by data, running in a multi-cloud world, ready to take on anything.","6-9 years of experience in IT Infrastructure, backup technologies and cyber recovery",Bachelor's degree in Computer Science or related field,"Advanced knowledge, understanding and application of project management principles and methodologies.","Bangalore, India",India,https://dell.wd1.myworkdayjobs.com/en-US/External/job/Bangalore-India/Consultant-Cyber-Recovery--Data-Domain_R244442,https://dell.wd1.myworkdayjobs.com/en-US/External/job/Bangalore-India/Consultant-Cyber-Recovery--Data-Domain_R244442
2,R245998,2024-05-31,DELL USA L.P. (1001),Major Incident Manager,FULL_TIME,IT Service Operations Advisor,5 to 8 years of related experience with technical aptitude,Bachelor’s degree,ITIL experience with a strong IT/Technical Background,"Round Rock, Texas, United States",United States of America,https://dell.wd1.myworkdayjobs.com/en-US/External/job/Major-Incident-Manager_R245998,https://dell.wd1.myworkdayjobs.com/en-US/External/job/Round-Rock-Texas-United-States/Major-Incident-Manager_R245998
3,R246275,2024-05-31,DELL USA L.P. (1001),Principal Software Engineer (Splunk),FULL_TIME,"Design and develop software for platforms, peripherals, applications and diagnostics",Relevant experience with Linux administration combined with knowledge of Linux infrastructure,Bachelor's degrees,Splunk administration experience and exposure to data stream processing capabilities within Splunk,"Round Rock, Texas, United States",United States of America,https://dell.wd1.myworkdayjobs.com/en-US/External/job/Round-Rock-Texas-United-States/Principal-Software-Engineer--Splunk-_R246275,https://dell.wd1.myworkdayjobs.com/en-US/External/job/Round-Rock-Texas-United-States/Principal-Software-Engineer--Splunk-_R246275
4,R246068,2024-05-31,Dell International Services India Pvt Ltd (7451),.Net Senior Principal Software Engineer,FULL_TIME,Senior Principal Software Engineer Be a part of a team that’s ensuring Dell Technologies' product integrity and customer satisfaction.,12-15 years,Bachelor's degree in Computer Science or related field,"Hands on experience in implementing robust security measures, including encryption, authentication, and vulnerability management, to safeguard sensitive information and systems against threats.","Bangalore, India",India,https://dell.wd1.myworkdayjobs.com/en-US/External/job/XMLNAME-Net-Senior-Principal-Software-Engineer_R246068,https://dell.wd1.myworkdayjobs.com/en-US/External/job/Bangalore-India/XMLNAME-Net-Senior-Principal-Software-Engineer_R246068
5,R246246,2024-05-31,Dell Canada (1575),Senior Principal Moogsoft Architect,FULL_TIME,"Senior Principal Moogsoft Architect Ensures that Dell’s Cloud Service delivers the service performance, reliability, and availability expected by our customers and internal client groups.","10+ years’ experience designing and implementing solutions leveraging Multiple Monitoring Tools, Moogsoft and ServiceNow",Bachelor’s degree,Proficient understanding of ITIL practices Vast knowledge on software configuration management systems,"Toronto, Ontario, Canada",Canada,https://dell.wd1.myworkdayjobs.com/en-US/External/job/Senior-Principal-Moogsoft-Architect_R246246-1,https://dell.wd1.myworkdayjobs.com/en-US/External/job/Toronto-Ontario-Canada/Senior-Principal-Moogsoft-Architect_R246246-1
6,R246473,2024-05-31,SecureWorks US (1315),Direct Sales Director - Secureworks - US East Coast Remote,FULL_TIME,Establish sales through management of specific industry or product segment sales teams.,10+ years of experience in sales / go-to-market (GTM) roles.,Experience in Cybersecurity.,High level of solutions and technical knowledge.,"Remote - Georgia, United States",United States of America,https://dell.wd1.myworkdayjobs.com/en-US/External/job/Direct-Sales-Director_R246473,https://dell.wd1.myworkdayjobs.com/en-US/External/job/Remote---Georgia-United-States/Direct-Sales-Director_R246473
7,R244092,2024-05-31,Dell International Services India Pvt Ltd (7451),Personalization Platform Senior Data Scientist,FULL_TIME,Data Science Consultant Data Science is all about breaking new ground to enable businesses to answer their most urgent questions.,12 to 15 years of related work experience with advanced statistical skills and appropriate Mathematical knowledge,"Bachelor’s degree / Master’s degree a relevant field (e.g., Computer Science, Statistics, Mathematics, or Data Science).","Strong programming skills (Python, R, or similar). Advanced understanding of business environment and industry trends Ability to work collaboratively with multiple stakeholders","Bangalore, India",India,https://dell.wd1.myworkdayjobs.com/en-US/External/job/Bangalore-India/Personalization-Platform-Senior-Data-Scientist_R244092-1,https://dell.wd1.myworkdayjobs.com/en-US/External/job/Bangalore-India/Personalization-Platform-Senior-Data-Scientist_R244092-1
8,R244600,2024-05-31,Dell International Services India Pvt Ltd (7451),AI &amp; ML Engineer,FULL_TIME,Data Science Advisor Data Science is all about breaking new ground to enable businesses to answer their most urgent questions.,4 to 7 years of related experience,Bachelor’s degree,"Strong statistical skills, Solid Macro, C, C++, Visual Basic Programming, Good understanding of business environment and industry trends, Good communication and problem-solving skills","Bangalore, India",India,https://dell.wd1.myworkdayjobs.com/en-US/External/job/AI---ML-Engineer---Applied-AI---ML-Team_R244600,https://dell.wd1.myworkdayjobs.com/en-US/External/job/Bangalore-India/AI---ML-Engineer---Applied-AI---ML-Team_R244600
9,R243021,2024-05-31,Dell International Services India Pvt Ltd (7451),Senior Software Engineer - IT,FULL_TIME,IT Senior Software Engineer Be a part of a team that’s ensuring Dell Technologies' product integrity and customer satisfaction.,7-9 years of development experience in technologies with hands-on experience,Bachelor's degree in Computer Science or related field,Strong understanding around API Integrations and PCF Microservices,"Hyderabad, India",India,https://dell.wd1.myworkdayjobs.com/en-US/External/job/Hyderabad-India/Senior-Software-Engineer---IT_R243021-1,https://dell.wd1.myworkdayjobs.com/en-US/External/job/Hyderabad-India/Senior-Software-Engineer---IT_R243021-1
10,R244529,2024-05-30,Dell Federal Systems LP (1003),Technical Account Management Consultant,FULL_TIME,Federal Technical Account Management Consultant Clients around the globe put Dell Technologies technology at the heart of their IT departments.,12+ years of related experience with a Bachelor’s degree; or 8+ years with a Master’s degree; or 5+ years with a PhD; or equivalent experience,U.S. citizen and must have a TS/SCI with CI polygraph clearance,Strong project management skills with an in-depth understanding of system architecture and design,"Salt Lake City, Utah",United States of America,https://dell.wd1.myworkdayjobs.com/en-US/External/job/Draper-Utah-United-States/Technical-Account-Management-Consultant_R244529,https://dell.wd1.myworkdayjobs.com/en-US/External/job/Draper-Utah-United-States/Technical-Account-Management-Consultant_R244529
11,R246689,2024-05-30,Dell Technologies,Inside Sales Account Manager - Medium Business,FULL_TIME,Drive sales for ground-breaking products by building positive relationships with customers through digital communication.,2 - 4 years relevant experience,Essential Requirements,"Ability to articulate the value proposition of our product/service offerings, Potential to use multiple sales tools simultaneously to complete sales transactions, Ability to establish relationships with customers and partners","Round Rock, Texas and/or Nashville, Tennessee",United States of America,https://dell.wd1.myworkdayjobs.com/en-US/External/job/Inside-Sales-Account-Manager---Medium-Business_R246689,https://dell.wd1.myworkdayjobs.com/en-US/External/job/Round-Rock-Texas-United-States/Inside-Sales-Account-Manager---Medium-Business_R246689
12,R242346,2024-05-30,Dell,Inside Sales Representative (Hybrid in Nashville),Full Time,Inside Sales Representative for Small Business sales team,1-3 years of general sales or customer-facing professional experience,Bachelor's degree,"Results-oriented team player with strong communication, presentation, and problem-solving skills","Nashville, Tennessee, United States",United States of America,https://dell.wd1.myworkdayjobs.com/en-US/External/job/Nashville-Tennessee-United-States/Inside-Sales-Representative--Nashville-_R242346,https://dell.wd1.myworkdayjobs.com/en-US/External/job/Nashville-Tennessee-United-States/Inside-Sales-Representative--Nashville-_R242346
13,R246053,2024-05-30,Dell International Services India Pvt Ltd (7451),Principal Software Engineer - IT,FULL_TIME,IT Principal Software Engineer Be a part of a team that’s ensuring Dell Technologies' product integrity and customer satisfaction.,8+ years of working experience in Application Engineering,Total 8+ years of working experience in Application Engineering,"Strong knowledge of Linux Operating systems, 3 Years of experience in GoLang, Experience with Kubernetes, Docker Containers, Compute, storage, network, tools & automation.","Bangalore, India",India,https://dell.wd1.myworkdayjobs.com/en-US/External/job/Bangalore-India/Principal-Software-Engineer---IT_R246053-1,https://dell.wd1.myworkdayjobs.com/en-US/External/job/Bangalore-India/Principal-Software-Engineer---IT_R246053-1
14,R246213,2024-05-30,Dell Technologies,Cloud Platforms Architect,FULL_TIME,Cloud Platforms Architect Dell Technologies creates technology solutions for a changing world.,12-15 years software industry experience,Post-secondary degree in Computer Science or equivalent degree,Proven professional experience with building and managing enterprise grade software solutions,"Bangalore, India",India,https://dell.wd1.myworkdayjobs.com/en-US/External/job/Bangalore-India/Cloud-Platforms-Architect_R246213-1,https://dell.wd1.myworkdayjobs.com/en-US/External/job/Bangalore-India/Cloud-Platforms-Architect_R246213-1
15,R244434,2024-05-30,Dell International Services India Pvt Ltd (7451),"Senior Consultant-Netoworking, Firewall & NSX",FULL_TIME,"Senior Consultant Today, every organization needs to be digital, powered by data, running in a multi-cloud world, ready to take on anything.","At least 10+ years of experience in network architecture, design, and implementation",Bachelor's degree in Computer Science or related field,"Strong knowledge of networking principles, protocols, and technologies, including TCP/IP, DNS, DHCP, VLANs, routing, switching, firewalls, and load balancers","Bangalore, India",India,https://dell.wd1.myworkdayjobs.com/en-US/External/job/Bangalore-India/Senior-Consultant-Netoworking_R244434,https://dell.wd1.myworkdayjobs.com/en-US/External/job/Bangalore-India/Senior-Consultant-Netoworking_R244434
16,R244085,2024-05-29,Dell International Services India Pvt Ltd (7451),AIML OPS Engineer for Personalization Platform,FULL_TIME,IT Senior Software Engineer (AIML OPS Engineer) Be a part of a team that’s ensuring Dell Technologies' product integrity and customer satisfaction.,Strong problem-solving and critical thinking skills,Essential Requirements: Design and implement MLOps pipelines for automating machine learning workflows,Desirable Requirements: Experience working in an agile environment,"Bangalore, India",India,https://dell.wd1.myworkdayjobs.com/en-US/External/job/AIML-OPS-Engineer-for-Personalization-Platform_R244085,https://dell.wd1.myworkdayjobs.com/en-US/External/job/Bangalore-India/AIML-OPS-Engineer-for-Personalization-Platform_R244085
17,R243862,2024-05-29,Dell International Services India Pvt Ltd (7451),Account Manager Inside Sales,FULL_TIME,Inside Sales Account Manager,3+ Years of customer selling experience,Bachelor's degree,Ability to articulate the value proposition of our product/service offerings,"Gurgaon, India",India,https://dell.wd1.myworkdayjobs.com/en-US/External/job/Gurgaon-India/Account-Manager-Inside-Sales_R243862-1,https://dell.wd1.myworkdayjobs.com/en-US/External/job/Gurgaon-India/Account-Manager-Inside-Sales_R243862-1
18,R244605,2024-05-29,Dell International Services India Pvt Ltd (7451),Data Science Consultant - Gen AI,FULL_TIME,Data Science Consultant - Gen AI Data Science is all about breaking new ground to enable businesses to answer their most urgent questions.,12 to 15 years of related work experience,Bachelor’s degree / Master’s degree,"Advanced statistical skills and appropriate Mathematical knowledge with familiarity with large language models (e.g., GPT-3, GPT-4, BERT) and Gen AI products (e.g. langchain, vector databases, IR systems).",Bangalore/Hyderabad/Gurgaon,India,https://dell.wd1.myworkdayjobs.com/en-US/External/job/Bangalore-India/Data-Science-Consultant_R244605,https://dell.wd1.myworkdayjobs.com/en-US/External/job/Bangalore-India/Data-Science-Consultant_R244605
19,R244609,2024-05-29,Dell International Services India Pvt Ltd (7451),Data Science Consultant,FULL_TIME,Data Science Consultant Data Science is all about breaking new ground to enable businesses to answer their most urgent questions.,12 to 15 years of related work experience,Advanced statistical skills and appropriate Mathematical knowledge,"Solid in SQL, skilled in Python or R ( and other job-related programming languages) to implement statistical and machine learning models (Recommenders, Prediction, Classification, Clustering, etc.) in big data and Cloud environments, including Azure or AWS",Bangalore/Hyderabad/Gurgaon,India,https://dell.wd1.myworkdayjobs.com/en-US/External/job/Bangalore-India/Data-Science-Consultant_R244609-1,https://dell.wd1.myworkdayjobs.com/en-US/External/job/Bangalore-India/Data-Science-Consultant_R244609-1
20,R244618,2024-05-29,Dell International Services India Pvt Ltd (7451),Data Science Senior Advisor,FULL_TIME,Data Science is all about breaking new ground to enable businesses to answer their most urgent questions.,8 to 12 years of related work experience,Advanced statistical skills and appropriate Mathematical knowledge,"Solid in SQL, skilled in Python or R (and other job-related programming languages)",Bangalore/Hyderabad,India,https://dell.wd1.myworkdayjobs.com/en-US/External/job/Bangalore-India/Data-Science-Senior-Advisor_R244618,https://dell.wd1.myworkdayjobs.com/en-US/External/job/Bangalore-India/Data-Science-Senior-Advisor_R244618
21,R244513,2024-05-29,Dell Technologies,"Principal Site Reliability Engineer -DevOps,Go-Lang &amp; Ansible,Terraform, Python",FULL_TIME,Principal Site Reliability Engineer Dell Technologies customers rely on our products and services to drive progress.,8+ Years of experience in DevOps and Go-Lang.,Redhat Linux certification (RHCE) preferred.,"Hands on knowledge with Ansible, Terraform and Python Good Knowledge on AI, ML and GenAI skills would be added advantage.","Bangalore, India",India,https://dell.wd1.myworkdayjobs.com/en-US/External/job/Bangalore-India/Principal-Site-Reliability-Engineer--DevOps-Go-Lang---Ansible-Terraform--Python_R244513-1,https://dell.wd1.myworkdayjobs.com/en-US/External/job/Bangalore-India/Principal-Site-Reliability-Engineer--DevOps-Go-Lang---Ansible-Terraform--Python_R244513-1
22,R244522,2024-05-29,Dell Technologies,"Senior Principal Site Reliability Engineer-DevOps,Go-Lang &amp; Ansible,Terraform, Python",FULL_TIME,Senior Principal Site Reliability Engineer Dell Technologies customers rely on our products and services to drive progress.,12+ Years of experience in DevOps and Go-Lang.,Redhat Linux certification (RHCE) preferred.,"Hands on knowledge with Ansible, Terraform and Python","Bangalore, India",India,https://dell.wd1.myworkdayjobs.com/en-US/External/job/Senior-Principal-Site-Reliability-Engineer-DevOps-Go-Lang---Ansible-Terraform--Python_R244522,https://dell.wd1.myworkdayjobs.com/en-US/External/job/Bangalore-India/Senior-Principal-Site-Reliability-Engineer-DevOps-Go-Lang---Ansible-Terraform--Python_R244522
23,R239313,2024-05-29,Dell International Services India Pvt Ltd (7451),Apprentice Manufacturing,FULL_TIME,Join us as an Apprentice on our Apprentice Manufacturing team in Sriperumbudur to do the best work of your career and make a profound social impact.,Quick learner and willing to accept the new tasks,"Any degree or diploma graduated/completed in the year of 2021, 2022 or 2023",Electronics and basic computer hardware’s skills will be added advantage,"Sriperumbudur, India",India,https://dell.wd1.myworkdayjobs.com/en-US/External/job/Apprentice-Manufacturing_R239313,https://dell.wd1.myworkdayjobs.com/en-US/External/job/Sriperumbudur-India/Apprentice-Manufacturing_R239313
24,R240716,2024-05-29,Dell International Services India Pvt Ltd (7451),Software Principal Engineer,FULL_TIME,Software Principal Engineer The Software Engineering team delivers next-generation application enhancements and new products for a changing world.,8 - 12 years of related experience,Bachelor’s degree,"Good knowledge of programming languages C or C++; operating systems; firmware; BIOS; device drivers; databases; system, network, operating system, and application administration; embedded software/firmware; tools and utilities Familiarity with WAVES, and Qualcomm's Fluence and Microsoft MEP Ability to learn new tools, languages and operating systems with some training and on-the-job experience","Bangalore, India",India,https://dell.wd1.myworkdayjobs.com/en-US/External/job/Bangalore-India/Software-Principal-Engineer_R240716,https://dell.wd1.myworkdayjobs.com/en-US/External/job/Bangalore-India/Software-Principal-Engineer_R240716
25,R241494,2024-05-29,Dell International Services India Pvt Ltd (7451),Software Principal Engineer,FULL_TIME,Software Principal Engineer The Software Engineering team delivers next-generation application enhancements and new products for a changing world.,8 to 12 years of UEFI development experience or 10+ years C programming expertise for Embedded systems / micro controllers.,Bachelor’s or master’s degree in computer science or related field.,Strong problem-solving and analytical skills. Agility to adapt to technologies and processes quickly. Strong programming and debugging experience in C. Strong desire to work as a team and design & develop with a customer focus.,"Bangalore, India",India,https://dell.wd1.myworkdayjobs.com/en-US/External/job/Bangalore-India/Software-Principal-Engineer_R241494-1,https://dell.wd1.myworkdayjobs.com/en-US/External/job/Bangalore-India/Software-Principal-Engineer_R241494-1
26,R238633,2024-05-29,Dell International Services India Pvt Ltd (7451),Software Senior Engineer,FULL_TIME,Senior Software Engineer (ServiceNow Developer) The Software Engineering team delivers next-generation application enhancements and new products for a changing world.,5-8 years as a ServiceNow platform developer.,"Experience in ServiceNow architecture and primary applications like Incident, Service Catalog, Change, CMDB, KB, Self-Service, and Update Sets.","Experience in programming languages like JavaScript, Glide AngularJS, Jelly, HTML/CSS and XML/JSON.","Bangalore, India",India,https://dell.wd1.myworkdayjobs.com/en-US/External/job/Bangalore-India/Software-Senior-Engineer_R238633-1,https://dell.wd1.myworkdayjobs.com/en-US/External/job/Bangalore-India/Software-Senior-Engineer_R238633-1
27,R225578,2024-05-29,Dell International Services India Pvt Ltd (7451),Software Principal Engineer,FULL_TIME,Join us as a Software Principal Engineer on our PowerFlex engineering team in Bangalore - India to do the best work of your career and make a profound social impact.,"8-12 years of hands-on experience (domain experience) in storage, Linux.",Bachelor's degree in Computer Science or related field,"Excellent coding skills, and in-depth knowledge of C/C++.","Bangalore, India",India,https://dell.wd1.myworkdayjobs.com/en-US/External/job/Bangalore-India/Software-Principal-Engineer_R225578,https://dell.wd1.myworkdayjobs.com/en-US/External/job/Bangalore-India/Software-Principal-Engineer_R225578
28,R236722,2024-05-29,Dell International Services India Pvt Ltd (7451),"Senior Advisor, Project| Program Management",FULL_TIME,Senior Advisor Program Management The Sales Policy & Process Transformation team is looking for a Process Transformation Sr. Advisor to join our team.,8+ years of related experience in a professional role,Six Sigma certification or equivalent background,Broad range of experience across multiple functional areas with Process Transformation/ Process Reengineering,"Pune, India",India,https://dell.wd1.myworkdayjobs.com/en-US/External/job/Sr-Advisor--Project-Program-Management--Sales-Process-Transformation_R236722-1,https://dell.wd1.myworkdayjobs.com/en-US/External/job/Pune-India/Sr-Advisor--Project-Program-Management--Sales-Process-Transformation_R236722-1
29,R243819,2024-05-28,Dell Federal Systems LP (1003),Senior Customer Delivery PMO Program Manager,FULL_TIME,Innovative projects that deliver cutting edge results do not run themselves.,15+ years of related experience in a professional role with a Bachelor’s or equivalent experience,A current (active or good standing within 2 years) US Govt security clearance at the Top Secret/SCI level,PMI/Project Management (PMP) and/or Program Management Professional (PgMP) Certification,"McLean, Virginia, United States",United States of America,https://dell.wd1.myworkdayjobs.com/en-US/External/job/Senior-Customer-Delivery-PMO-Program-Manager_R243819-1,https://dell.wd1.myworkdayjobs.com/en-US/External/job/McLean-Virginia-United-States/Senior-Customer-Delivery-PMO-Program-Manager_R243819-1
30,R245984,2024-05-28,Dell Technologies,AI Research Engineer,FULL_TIME,"AI Research Engineer Operating at the furthest reaches of the leading edge, our Research Scientists discover and create ground-breaking new technologies, materials and phenomena.","8+ years of experience in AI, ML, DL, and Reinforcement Learning (RL), with an emphasis on Research in AI/ML/DL technologies",MS/PhD/Bachelors’ degree or a combination of experience and education,"Extensive knowledge and practical experience with deep learning, reinforcement learning, and Graph Neural Networks","Round Rock, Texas, United States",United States of America,https://dell.wd1.myworkdayjobs.com/en-US/External/job/AI-Research-Engineer_R245984,https://dell.wd1.myworkdayjobs.com/en-US/External/job/Round-Rock-Texas-United-States/AI-Research-Engineer_R245984
31,R245986,2024-05-28,Dell Technologies,AI Research Engineer,Full Time,"AI Research Engineer Operating at the furthest reaches of the leading edge, our Research Scientists discover and create ground-breaking new technologies, materials and phenomena.","8+ years of experience in AI, ML, DL, and Reinforcement Learning (RL), with an emphasis on Research in AI/ML/DL technologies and a MS/PhD/Bachelors’ degree or a combination of experience and education",MS/PhD/Bachelors’ degree or a combination of experience and education,"Extensive knowledge and practical experience with deep learning, reinforcement learning, and Graph Neural Networks","Round Rock, Texas, United States",United States of America,https://dell.wd1.myworkdayjobs.com/en-US/External/job/AI-Research-Engineer_R245986,https://dell.wd1.myworkdayjobs.com/en-US/External/job/AI-Research-Engineer_R245986
32,R239221,2024-05-28,Dell Technologies,Networking Sales Specialist,Full Time,Sell innovation to the world,8 to 12 years of related experience in a relationship selling role,Bachelor’s degree,"Advanced knowledge of technical products, vendors and families of technologies","Toronto, Ontario, Canada",Canada,https://dell.wd1.myworkdayjobs.com/en-US/External/job/Networking-Sales-Specialist_R239221-1,https://dell.wd1.myworkdayjobs.com/en-US/External/job/Toronto-Ontario-Canada/Networking-Sales-Specialist_R239221-1
33,R240914,2024-05-22,Dell International Services India Pvt Ltd (7451),Data Science Senior Advisor,FULL_TIME,Data Science Senior Advisor Data Science is all about breaking new ground to enable businesses to answer their most urgent questions.,8 to 11 years of experience in a related role or equivalent skill/education,Masters or PhD in a quantitative discipline,"Strong coding skills in Python and SQL and machine Learning knowledge (Deep learning, NLP, Classification, Forecasting, Regression, GenAI etc. on large datasets) with experience in ML model deployment","Bangalore, India",India,https://dell.wd1.myworkdayjobs.com/en-US/External/job/Bangalore-India/Data-Science-Senior-Advisor_R240914-1,https://dell.wd1.myworkdayjobs.com/en-US/External/job/Bangalore-India/Data-Science-Senior-Advisor_R240914-1
34,R246118,2024-05-22,DELL USA L.P. (1001),Internal Audit SOX Senior Advisor,FULL_TIME,Internal Audit SOX Senior Advisor We’re a global business – a multi-billion-dollar corporation.,8+ years of professional experience,Bachelor’s degree,Audit/SOX background and experience in managing SOX projects,"Round Rock, Texas, United States",United States of America,https://dell.wd1.myworkdayjobs.com/en-US/External/job/Internal-Audit-SOX-Senior-Advisor_R246118,https://dell.wd1.myworkdayjobs.com/en-US/External/job/Round-Rock-Texas-United-States/Internal-Audit-SOX-Senior-Advisor_R246118
35,R241587,2024-05-22,Dell International Services India Pvt Ltd (7451),Business Development Lead - Artificial Intelligence (AI),FULL_TIME,Business Development Account Executive - India,15+ years of related sales business development experience,Minimum a bachelor’s degree in a related field (desired),10-12 years of deep technical expertise across multiple disciplines,"Gurgaon, India",India,https://dell.wd1.myworkdayjobs.com/en-US/External/job/R240353-Business-Development---Sales---Artificial-Intelligence--AI-_R241587,https://dell.wd1.myworkdayjobs.com/en-US/External/job/Gurgaon-India/R240353-Business-Development---Sales---Artificial-Intelligence--AI-_R241587
36,R245749,2024-05-21,Dell Technologies,"Senior Engineer, Service Delivery",FULL_TIME,Senior Service Delivery Engineer,5 to 7 years of related experience in Tivoli Storage Manager and Spectrum Protect,Bachelors’ Degree,"IDPA, Avamar, Data Domain, IBM Tape Libraries, DPA are desired","Draper, Utah, United States",United States of America,https://dell.wd1.myworkdayjobs.com/en-US/External/job/Senior-Engineer--Service-Delivery_R245749,https://dell.wd1.myworkdayjobs.com/en-US/External/job/Draper-Utah-United-States/Senior-Engineer--Service-Delivery_R245749
37,R245716,2024-05-21,SecureWorks US (1315),Incident Response Senior Delivery Manager - Secureworks,FULL_TIME,Incident Response Senior Delivery Manager,10+ years of information security experience,3+ years leading a team or teams of cyber security professionals,"Professional degree relevant to cybersecurity or equivalent work experience. Technical or professional certifications, such as GCFA, CISA or CISSP, are a plus.","Remote - Texas, United States",United States of America,https://dell.wd1.myworkdayjobs.com/en-US/External/job/Remote---Texas-United-States/Incident-Response-Senior-Delivery-Manager---Secureworks_R245716,https://dell.wd1.myworkdayjobs.com/en-US/External/job/Remote---Texas-United-States/Incident-Response-Senior-Delivery-Manager---Secureworks_R245716
38,R244630,2024-05-21,SecureWorks India Pvt. Ltd. (7230),"Senior Manager, Software Engineering, Data",FULL_TIME,"Secureworks is a global cybersecurity leader, enabling customers to outpace and outmaneuver adversaries with more precision.",Minimum of 7 years of Software Development experience,Bachelor's degree in Computer Science or related field,"Strong understanding of database fundamentals, ability to collaborate with a wide audience, and experience working with kubernetes and designing microservice applications","Hyderabad, India",India,https://dell.wd1.myworkdayjobs.com/en-US/External/job/Hyderabad-India/Senior-Manager--Software-Engineering--Data_R244630,https://dell.wd1.myworkdayjobs.com/en-US/External/job/Hyderabad-India/Senior-Manager--Software-Engineering--Data_R244630
39,R244828,2024-05-21,SecureWorks India Pvt. Ltd. (7230),Software Senior Principal Engineer,FULL_TIME,Windows Sensor Principal Software Engineer,Strong experience and knowledge in C++ (17/20/22) Experience in Windows OS User-mode or Kernel-mode Development Solid knowledge with low-level OS internals,Bachelor's degree in Computer Science or related field,Strong experience and knowledge in C++ (17/20/22) Experience in Windows OS User-mode or Kernel-mode Development Solid knowledge with low-level OS internals,"Hyderabad, India",India,https://dell.wd1.myworkdayjobs.com/en-US/External/job/Hyderabad-India/Software-Senior-Principal-Engineer_R244828,https://dell.wd1.myworkdayjobs.com/en-US/External/job/Hyderabad-India/Software-Senior-Principal-Engineer_R244828
40,R244211,2024-05-21,SecureWorks India Pvt. Ltd. (7230),Software Principal Engineer,FULL_TIME,Title –Windows Sensor Principal Software Engineer,Strong experience and knowledge in C++ (17/20/22),Solid knowledge with low-level OS internals,"Strong experience and knowledge in C++ (17/20/22), Solid knowledge with low-level OS internals","Hyderabad, India",India,https://dell.wd1.myworkdayjobs.com/en-US/External/job/Hyderabad-India/Software-Principal-Engineer_R244211,https://dell.wd1.myworkdayjobs.com/en-US/External/job/Hyderabad-India/Software-Principal-Engineer_R244211
41,R237913,2024-05-20,Dell Marketing LP (1006),AI Business Development Account Executive,FULL_TIME,AI Business Development Account Executive Some of our most valuable business comes from existing customers.,Customarily and regularly engaged at client facilities,Bachelor’s degree,Field sales experience preferred,"Draper, Utah, United States",United States of America,https://dell.wd1.myworkdayjobs.com/en-US/External/job/AI-Business-Development-Account-Executive_R237913-1,https://dell.wd1.myworkdayjobs.com/en-US/External/job/Draper-Utah-United-States/AI-Business-Development-Account-Executive_R237913-1
42,R245750,2024-05-20,Dell Technologies,Senior Engineer Site Reliability,Full Time,Senior Engineer Site Reliability Dell Technologies customers rely on our products and services to drive progress.,5-7 yrs,BE or MS in Computer Science or Computer Engineering,"Certified Kubernetes / OpenShift Admin, NSX T Certification","Austin, Texas, United States",United States of America,https://dell.wd1.myworkdayjobs.com/en-US/External/job/Senior-Engineer-Site-Reliability_R245750,https://dell.wd1.myworkdayjobs.com/en-US/External/job/Austin-Texas-United-States/Senior-Engineer-Site-Reliability_R245750
43,R244797,2024-05-17,SecureWorks India Pvt. Ltd. (7230),SaaS Ops Analyst,FULL_TIME,Ensure efficient and secure utilization of SaaS software used within an organization.,"1-3 years experience in an IT operations role, preferably within a SaaS or cloud-based business.",Bachelor’s degree in computer science or related area of study.,"Excellent financial acumen, including financial analysis, budgeting, and forecasting.","Hyderabad, India",India,https://dell.wd1.myworkdayjobs.com/en-US/External/job/Hyderabad-India/IT-Cost-Analyst_R244797,https://dell.wd1.myworkdayjobs.com/en-US/External/job/Hyderabad-India/IT-Cost-Analyst_R244797
44,R245237,2024-05-16,SecureWorks US (1315),Customer Success Manager - Secureworks - (US Remote),FULL_TIME,"Customer Success Manager for Secureworks, responsible for ensuring customers derive maximum value from their investments in Secureworks software.","Minimum of 4+ years’ experience in Customer Success or equivalent history of increasing customer satisfaction, adoption, and retention.",Minimum of 1 years of experience working in a SaaS environment,Minimum of 2 years of experience in network security or related discipline,"Remote - Georgia, United States",United States of America,https://dell.wd1.myworkdayjobs.com/en-US/External/job/Customer-Success-Manager---Secureworks----US-Remote-_R245237,https://dell.wd1.myworkdayjobs.com/en-US/External/job/Remote---Georgia-United-States/Customer-Success-Manager---Secureworks----US-Remote-_R245237
45,R245509,2024-05-16,SecureWorks US (1315),IT Enterprise Architect – Secureworks,FULL_TIME,IT Enterprise Architect – Secureworks,Extensive (5+ years) experience as an Enterprise Architect or Solutions Architect,Strong understanding of enterprise architecture and technology governance frameworks,Extensive (5+ years) experience as an Enterprise Architect or Solutions Architect,"Remote - Georgia, United States",United States of America,https://dell.wd1.myworkdayjobs.com/en-US/External/job/IT-Enterprise-Architect---Secureworks_R245509,https://dell.wd1.myworkdayjobs.com/en-US/External/job/Remote---Georgia-United-States/IT-Enterprise-Architect---Secureworks_R245509
46,R227734,2024-05-15,Dell Technologies,NextGen Sales Academy Associate Inside Sales Rep 2024,Full Time,Associate Inside Sales Representative,2-3 years,Bachelor's degree,Completed Associate’s or Bachelor’s degree prior to start date,"Hopkinton, Massachusetts, United States",United States of America,https://dell.wd1.myworkdayjobs.com/en-US/External/job/Hopkinton-Massachusetts-United-States/NextGen-Sales-Academy-Associate-Inside-Sales-Rep-2024_R227734,https://dell.wd1.myworkdayjobs.com/en-US/External/job/Hopkinton-Massachusetts-United-States/NextGen-Sales-Academy-Associate-Inside-Sales-Rep-2024_R227734
47,R245431,2024-05-10,SecureWorks India Pvt. Ltd. (7230),RFP Advisor,FULL_TIME,Sales Operations Analyst role in Hyderabad,2-3 years of relevant RFP/ RFQ experience,Financial and analytical experience,"Basic computer skills, understanding of order processes, systems configurations and documentation","Hyderabad, India",India,https://dell.wd1.myworkdayjobs.com/en-US/External/job/Hyderabad-India/RFP-Advisor_R245431-1,https://dell.wd1.myworkdayjobs.com/en-US/External/job/Hyderabad-India/RFP-Advisor_R245431-1
48,R241569,2024-05-08,SecureWorks US (1315),Account Manager Client Executive - Cyber SaaS - (Northeast United States Only),Full Time,Account Manager Client Executive Location: Candidates are required to live and work remotely in the Northeast United States,8 to 12 years of experience selling a broad array of technology solutions,Bachelor’s degree (BS/BA),Extraordinary customer management and strategic selling skills,"Remote - Pennsylvania, United States",United States of America,https://dell.wd1.myworkdayjobs.com/en-US/External/job/Remote---Pennsylvania-United-States/Enterprise-Account-Manager-Client-Executive---USA-Remote-WFH_R241569,https://dell.wd1.myworkdayjobs.com/en-US/External/job/Remote---Pennsylvania-United-States/Enterprise-Account-Manager-Client-Executive---USA-Remote-WFH_R241569
49,R240936,2024-05-07,SecureWorks US (1315),Account Executive - Cyber SaaS Sales - Remote Illinois or Indiana,Full Time,"Secureworks (NASDAQ: SCWX) is a global cybersecurity leader that secures human progress with Secureworks Taegis, a SaaS-based, open XDR platform.","Minimum 3-5 years in sales, preferably in the cyber security or software-as-a-service (SaaS) industry.","Bachelor’s Degree or higher (Business Administration, Computer Science, Computer Information Systems)",Excellent interpersonal and communication skills are a must for this role.,"Remote - Illinois, United States",United States of America,https://dell.wd1.myworkdayjobs.com/en-US/External/job/Sales-Account-Executive--Remote-IL-_R240936,https://dell.wd1.myworkdayjobs.com/en-US/External/job/Remote---Illinois-United-States/Sales-Account-Executive--Remote-IL-_R240936
50,R245404,2024-05-06,Dell International Services India Pvt Ltd (7451),Senior Software Engineer,FULL_TIME,Senior Software Engineer The Software Engineering team delivers next-generation application enhancements and new products for a changing world.,5-20 years of technical experience,Bachelor's/Master’s Degree in Computer Science or related technical field,"Proficient in coding languages including, but not limited to C, C++, C#.Net framework, Windows Presentation Foundation (WPF) and Universal Windows Platform (UWP). Hands-on industry experience in building large-scale services and enterprise grade software. Understanding of DevOps practices and CI/CD pipelines.","Bangalore, India",India,https://dell.wd1.myworkdayjobs.com/en-US/External/job/Senior-Software-Engineer_R245404,https://dell.wd1.myworkdayjobs.com/en-US/External/job/Bangalore-India/Senior-Software-Engineer_R245404
51,R244498,2024-05-06,SecureWorks India Pvt. Ltd. (7230),Senior Product Manager,FULL_TIME,"Secureworks is a global cybersecurity leader, enabling customers to outpace and outmaneuver adversaries with more precision.",1-2 years experience in endpoint security protection platforms as product manager,MBA or advanced degree in business technology,Excellent customer discovery skills in understanding endpoint security solution deployments and requirements,"Hyderabad, India",India,https://dell.wd1.myworkdayjobs.com/en-US/External/job/Senior-Product-Manager_R244498,https://dell.wd1.myworkdayjobs.com/en-US/External/job/Hyderabad-India/Senior-Product-Manager_R244498
52,R240834,2024-04-24,SecureWorks US (1315),Intern - Detection Research - Counter Threat Unit - US Remote,PART_TIME,"Detection Researcher, Counter Threat Unit – Intern – US Remote","Pursuing college education in science, technology, cyber, security or technical bachelors degree","Experience with cyber security threat detection, MITRE ATT@CK framework, DFIR, Incident Response, etc.","Self motivating and self directed, great at communicating ideas with remote teams","Remote - Texas, United States",United States of America,https://dell.wd1.myworkdayjobs.com/en-US/External/job/Remote---Texas-United-States/Intern---Detection-Research---Counter-Threat-Unit---US-Remote_R240834,https://dell.wd1.myworkdayjobs.com/en-US/External/job/Remote---Texas-United-States/Intern---Detection-Research---Counter-Threat-Unit---US-Remote_R240834
53,R244685,2024-04-24,SecureWorks US (1315),Software Engineer - C++ Windows Agent Intern,PART_TIME,"Secureworks is a global cybersecurity leader that secures human progress with Secureworks Taegis, a SaaS-based, open XDR platform.",1 Year of college education/STEM/bootcamp experience,C++ and Windows OS GUI or Kernel,Self motivation and self direction along with strong communications skills,"Remote - Texas, United States",United States of America,https://dell.wd1.myworkdayjobs.com/en-US/External/job/Remote---Texas-United-States/Software-Engineer---C---Windows-Agent-Intern_R244685,https://dell.wd1.myworkdayjobs.com/en-US/External/job/Remote---Texas-United-States/Software-Engineer---C---Windows-Agent-Intern_R244685
54,R244250,2024-04-23,SecureWorks US (1315),Sr. Manager Financial Systems - Secureworks - Remote US,FULL_TIME,"Senior Manager, Financial Systems Location: The position can be fully remote with a preference of Atlanta, GA based.","10+ years of experience in Finance systems, with at least 5 in a leadership role","Bachelor’s degree in Accounting, Finance, Business Administration, Information Systems, or equivalent education and related training","Strong knowledge of Accounting, FP&A and internal control activities, with a process improvement mindset","Remote - Georgia, United States",United States of America,https://dell.wd1.myworkdayjobs.com/en-US/External/job/Sr-Manager-Financial-Systems---Secureworks---Remote-US_R244250,https://dell.wd1.myworkdayjobs.com/en-US/External/job/Remote---Georgia-United-States/Sr-Manager-Financial-Systems---Secureworks---Remote-US_R244250
55,R244072,2024-04-23,SecureWorks India Pvt. Ltd. (7230),Sr. Principal Front-end Engineer,FULL_TIME,Design and build user interfaces for a next generation security platform,5+ years of hands-on frontend development experience,"Bachelor’s Degree in Computer Science, or equivalent work experience","Proficiency with Git and continuous integration/continuous delivery, Strong experience with RXJS or observables, Experience with Typescript, Experience with JavaScript test automation frameworks, such as Jasmine/Karma or Protractor","Hyderabad, India",India,https://dell.wd1.myworkdayjobs.com/en-US/External/job/Hyderabad-India/Sr-Principal-Front-end-Engineer_R244072-1,https://dell.wd1.myworkdayjobs.com/en-US/External/job/Hyderabad-India/Sr-Principal-Front-end-Engineer_R244072-1
56,R244251,2024-04-23,SecureWorks India Pvt. Ltd. (7230),"Software Engineering Manager, Platform",FULL_TIME,"Software Engineering Manager, Platform Location: Hyderabad Secureworks® (NASDAQ: SCWX) a global cybersecurity leader, enables our customers and partners to outpace and outmaneuver adversaries with more precision, so they can rapidly adapt and respond to market forces to meet their business needs.",Minimum of 7 years of Software Development experience,Direct management of 3-10 software engineers,"Hands on experience contributing to code bases, mentoring, coaching and leading by example","Hyderabad, India",India,https://dell.wd1.myworkdayjobs.com/en-US/External/job/Hyderabad-India/Software-Engineering-Manager--Platform_R244251,https://dell.wd1.myworkdayjobs.com/en-US/External/job/Hyderabad-India/Software-Engineering-Manager--Platform_R244251
57,R244616,2024-04-23,SecureWorks India Pvt. Ltd. (7230),"Software Engineering Manager, Agent Engineering",FULL_TIME,"Software Engineering Manager, Agent Engineering Location: Hyderabad India",7+ years of engineering experience as an individual contributor.,2+ years of experience as an engineering manager.,Understanding of computer science and networking fundamentals. Understanding of Scrum/Kanban and how to apply them pragmatically with a team to drive progress.,"Hyderabad, India",India,https://dell.wd1.myworkdayjobs.com/en-US/External/job/Hyderabad-India/Software-Engineering-Manager--Agent-Engineering_R244616,https://dell.wd1.myworkdayjobs.com/en-US/External/job/Hyderabad-India/Software-Engineering-Manager--Agent-Engineering_R244616
